{
  "Total" : {
    "transaction" : "Total",
    "sampleCount" : 200826,
    "errorCount" : 1,
    "errorPct" : 4.979435E-4,
    "meanResTime" : 49.4774979335346,
    "medianResTime" : 41.0,
    "minResTime" : 25.0,
    "maxResTime" : 20035.0,
    "pct1ResTime" : 45.0,
    "pct2ResTime" : 53.0,
    "pct3ResTime" : 93.0,
    "throughput" : 221.1072870081055,
    "receivedKBytesPerSec" : 827.2434494402295,
    "sentKBytesPerSec" : 0.010015347447466294
  },
  "v1" : {
    "transaction" : "v1",
    "sampleCount" : 200757,
    "errorCount" : 0,
    "errorPct" : 0.0,
    "meanResTime" : 44.97060127417775,
    "medianResTime" : 41.0,
    "minResTime" : 25.0,
    "maxResTime" : 2372.0,
    "pct1ResTime" : 45.0,
    "pct2ResTime" : 53.0,
    "pct3ResTime" : 93.0,
    "throughput" : 221.03131874302247,
    "receivedKBytesPerSec" : 9.06573768281928,
    "sentKBytesPerSec" : 0.0
  },
  "HTTP Request" : {
    "transaction" : "HTTP Request",
    "sampleCount" : 69,
    "errorCount" : 1,
    "errorPct" : 1.4492754,
    "meanResTime" : 13162.391304347828,
    "medianResTime" : 12692.0,
    "minResTime" : 6757.0,
    "maxResTime" : 20035.0,
    "pct1ResTime" : 18430.0,
    "pct2ResTime" : 18875.0,
    "pct3ResTime" : 20035.0,
    "throughput" : 0.07597345113255495,
    "receivedKBytesPerSec" : 818.2335654767279,
    "sentKBytesPerSec" : 0.010016031155170819
  }
}